Temperature,Humidity,Wind Speed,diffuse flows,Power Consumption
9.02,86.7,0.082,30.43,23629.36709
9.17,86.9,0.079,33.24,24006.07595
10.48,87.0,0.079,35.2,24771.64557
11.13,83.5,0.08,36.92,25148.35443
11.68,81.7,0.08,39.07,25518.98734
12.22,78.0,0.075,40.01,25695.18987
12.61,74.8,0.076,40.59,26351.39241
13.07,72.7,0.075,42.31,26667.34177
13.61,70.2,0.077,43.74,26794.93671
14.0,69.22,0.077,43.39,27281.01266
14.55,64.11,0.077,41.43,27645.56962
14.94,58.46,0.077,41.13,27773.16456
15.08,57.23,0.076,40.66,27894.68354
15.18,55.83,0.076,41.23,28532.65823
15.28,56.49,0.075,41.84,28818.22785
15.27,55.93,0.076,41.83,28684.55696
15.21,55.69,0.077,41.73,28939.74684
15.18,57.2,0.078,42.38,29152.40506
15.11,57.86,0.074,43.43,29674.93671
15.1,58.33,0.076,43.25,29826.83544
15.26,58.8,0.076,44.1,29905.82278
15.15,60.87,0.075,44.53,29990.88608
15.23,60.53,0.076,44.09,29966.58228
15.22,60.2,0.077,44.43,29881.51899
15.22,59.83,0.076,44.29,29760.0
15.33,59.16,0.076,43.72,29292.1519
15.41,58.13,0.076,43.82,29140.25316
15.43,58.0,0.077,43.68,28872.91139
15.56,56.03,0.075,42.8,28672.40506
15.59,55.73,0.075,42.58,28502.27848
15.47,56.29,0.077,42.83,28684.55696
15.55,55.99,0.074,41.88,28617.72152
15.57,56.53,0.076,42.14,28635.94937
15.64,55.35,0.077,41.5,28556.96203
15.59,55.76,0.077,40.61,28721.01266
15.58,57.03,0.077,42.48,28696.70886
15.49,57.19,0.075,45.96,29049.11392
15.45,57.86,0.075,57.35,29255.6962
15.36,57.72,0.075,79.5,29012.65823
15.38,58.02,0.074,121.3,29091.64557
15.37,58.59,0.077,184.0,29030.88608
15.23,59.76,0.077,238.0,29267.8481
15.23,61.12,0.075,253.4,29480.50633
15.24,61.63,0.075,248.1,30161.01266
15.19,61.72,0.075,227.3,31011.64557
15.17,61.76,0.077,200.6,31029.87342
15.22,59.95,0.076,175.0,32390.88608
15.17,61.92,0.076,148.2,33685.06329
15.02,62.32,0.076,123.7,35659.74684
14.9,61.82,0.079,98.6,38187.34177
14.81,61.79,0.078,75.3,40648.10127
14.68,62.05,0.079,25.24,41565.56962
14.54,64.02,0.074,11.2,41644.55696
14.38,64.55,0.077,6.524,41814.68354
14.23,65.55,0.076,3.089,41766.07595
14.11,65.79,0.081,0.946,41753.92405
14.03,66.72,0.074,0.189,41808.60759
13.95,67.52,0.074,0.119,41699.24051
13.87,68.59,0.075,0.1,41280.0
13.74,69.46,0.074,0.093,41583.79747
13.55,69.9,0.076,0.104,41851.13924
13.43,69.86,0.076,0.108,41608.10127
13.35,69.86,0.076,0.078,41395.44304
13.2,70.5,0.076,0.122,41273.92405
13.42,68.89,0.073,0.096,40939.74684
13.55,68.12,0.077,0.074,41249.62025
13.42,68.52,0.075,0.093,41316.4557
13.3,69.03,0.075,0.093,41182.78481
13.33,68.72,0.076,0.108,41061.26582
13.45,68.59,0.075,0.122,40830.37975
13.47,66.99,0.074,0.078,40830.37975
13.29,66.99,0.075,0.067,40356.4557
13.15,66.42,0.078,0.093,39797.46835
13.03,66.62,0.074,0.085,39116.96203
12.93,67.29,0.076,0.111,38564.05063
12.88,67.46,0.075,0.119,38102.27848
12.86,67.76,0.074,0.093,37792.40506
12.87,67.96,0.075,0.134,37117.97468
12.92,68.52,0.074,0.148,36218.73418
12.96,68.62,0.075,0.063,35191.89873
12.88,69.33,0.075,0.152,34754.43038
12.77,69.86,0.075,0.1,33909.87342
12.82,70.1,0.075,0.1,32785.82278
12.75,70.4,0.071,0.152,31916.96203
12.54,71.5,0.077,0.1,30252.1519
12.23,72.9,0.077,0.111,29346.83544
12.19,72.8,0.077,0.122,28593.41772
12.31,72.6,0.072,0.152,27779.24051
12.08,74.0,0.076,0.093,26661.26582
12.16,74.0,0.072,0.141,26150.88608
12.07,74.1,0.074,0.119,25433.92405
11.48,76.8,0.077,0.145,24947.8481
11.45,77.7,0.074,0.115,24540.75949
11.8,76.6,0.076,0.23,23884.55696
12.23,75.1,0.074,0.145,23422.78481
12.39,71.0,0.078,0.148,23222.27848
12.42,71.4,0.077,0.159,22766.58228
12.4,71.5,0.075,0.156,22365.56962
11.84,73.4,0.079,0.152,22098.22785
11.51,73.0,0.076,0.148,21946.32911
11.35,73.6,0.081,0.134,21691.13924
11.27,73.8,0.077,0.159,21575.6962
11.33,74.5,0.073,0.13,21502.78481
11.44,75.0,0.078,0.119,21332.65823
12.26,75.5,0.076,0.163,21059.24051
13.08,70.9,0.076,0.174,21065.31646
12.78,71.8,0.078,0.156,20980.25316
12.34,73.2,0.076,0.152,20931.64557
12.2,73.8,0.072,0.178,20658.22785
12.04,74.7,0.077,0.134,20226.83544
11.96,74.9,0.077,0.137,20220.75949
11.92,75.2,0.077,0.182,20330.12658
11.85,75.1,0.083,0.156,20202.53165
11.66,75.5,0.084,0.156,19989.87342
11.55,76.1,0.077,0.156,19989.87342
11.6,75.1,0.081,0.137,20087.08861
11.17,77.8,0.076,0.148,20129.62025
10.83,78.5,0.076,0.148,20299.74684
10.74,78.6,0.077,0.189,20390.88608
10.57,80.3,0.081,0.152,20500.25316
10.49,80.3,0.08,0.141,20755.44304
10.69,81.6,0.078,0.074,20986.32911
11.22,80.0,0.076,0.171,21454.17722
11.36,77.9,0.077,0.174,22122.53165
11.44,77.5,0.079,0.122,22954.93671
11.49,76.7,0.073,0.159,23605.06329
11.33,76.8,0.075,0.145,24255.18987
11.16,77.3,0.082,0.163,24656.20253
10.89,77.5,0.082,0.111,24552.91139
10.27,80.2,0.078,0.148,24607.59494
10.15,80.8,0.08,0.193,24534.68354
10.0,81.6,0.077,0.145,24662.27848
9.9,81.5,0.076,0.171,24534.68354
9.67,81.6,0.08,0.145,24151.89873
9.27,81.5,0.08,0.167,23811.64557
9.03,81.8,0.079,0.122,23532.1519
8.85,82.7,0.082,0.223,23884.55696
8.68,83.1,0.083,0.849,24522.53165
8.54,83.7,0.078,2.815,24874.93671
8.38,84.9,0.081,6.119,25251.64557
8.5,84.9,0.079,11.68,25871.39241
8.48,85.7,0.082,20.54,26466.83544
8.4,85.3,0.082,27.42,27135.18987
8.51,85.5,0.083,33.31,27997.97468
8.8,85.0,0.084,38.03,28107.34177
9.09,84.1,0.081,40.0,28417.21519
9.62,84.5,0.082,41.16,29085.56962
10.89,85.9,0.085,40.65,29383.29114
12.43,83.3,0.079,41.27,30057.72152
13.02,77.5,0.084,42.92,30756.4557
13.38,74.4,0.078,43.12,30932.65823
13.64,73.2,0.079,43.18,31272.91139
13.88,72.2,0.084,43.25,31844.05063
14.16,72.3,0.081,43.08,32281.51899
14.54,69.24,0.084,43.97,32749.36709
14.75,67.1,0.078,44.96,32974.17722
14.87,66.57,0.08,45.17,33004.55696
15.0,65.1,0.083,44.82,33217.21519
15.08,64.4,0.079,44.18,33332.65823
15.18,64.23,0.077,45.02,33113.92405
15.28,64.43,0.074,44.71,33168.60759
15.19,63.6,0.074,45.04,33751.89873
15.18,64.77,0.075,44.71,34019.24051
15.21,65.33,0.076,45.15,34116.4557
15.31,64.2,0.074,44.76,34468.86076
15.35,63.13,0.073,44.76,34468.86076
15.43,62.93,0.073,44.55,34341.26582
15.39,62.9,0.074,44.78,33964.55696
15.41,62.83,0.074,44.84,33502.78481
15.57,62.7,0.077,44.76,33302.27848
15.37,63.4,0.076,44.94,33356.96203
15.49,63.46,0.075,45.25,33271.89873
15.57,63.7,0.073,45.01,32627.8481
15.48,63.76,0.075,44.23,32694.68354
15.36,64.16,0.073,44.07,32366.58228
15.35,64.19,0.074,43.33,32269.36709
15.41,64.1,0.074,43.09,32293.67089
15.36,65.23,0.075,43.03,32208.60759
15.44,64.86,0.075,43.02,32251.13924
15.48,64.1,0.075,45.37,32567.08861
15.45,64.86,0.076,53.46,32366.58228
15.44,64.93,0.074,72.7,32336.20253
15.34,65.3,0.075,104.5,32257.21519
15.3,65.83,0.075,155.7,31983.79747
15.34,66.4,0.075,215.7,31777.21519
15.34,66.83,0.071,256.6,31874.43038
15.23,67.66,0.076,257.7,31740.75949
15.18,67.73,0.075,240.7,32196.4557
15.09,67.66,0.076,218.7,32263.29114
14.96,66.19,0.077,193.2,32688.60759
14.94,64.99,0.075,166.5,33241.51899
14.89,65.45,0.073,142.4,34669.36709
14.85,65.55,0.077,121.2,36200.50633
14.78,65.82,0.075,98.6,39062.27848
14.68,67.22,0.073,75.3,41486.58228
14.51,68.26,0.077,31.14,42312.91139
14.32,69.56,0.075,11.93,42495.18987
14.14,70.9,0.076,6.887,42750.37975
13.98,72.1,0.076,3.349,42871.89873
13.86,73.0,0.074,1.087,42993.41772
13.45,73.7,0.075,0.189,42823.29114
12.2,77.3,0.076,0.115,42677.46835
11.85,78.2,0.074,0.111,42434.43038
11.53,79.0,0.078,0.093,42671.39241
11.25,80.0,0.075,0.111,42720.0
11.12,80.5,0.074,0.115,42689.62025
10.92,81.2,0.076,0.085,42476.96203
10.93,81.3,0.079,0.074,42288.60759
10.69,81.5,0.077,0.093,41960.50633
10.39,81.5,0.078,0.089,42416.20253
10.17,83.1,0.074,0.067,42519.49367
10.03,82.9,0.075,0.1,42318.98734
9.61,83.9,0.076,0.108,42221.77215
9.71,84.2,0.075,0.096,42033.41772
9.62,83.4,0.074,0.082,41571.64557
9.49,83.5,0.073,0.111,40970.12658
9.33,83.7,0.076,0.067,40490.12658
9.23,83.9,0.074,0.1,39870.37975
9.14,84.0,0.073,0.085,39347.8481
9.11,83.8,0.073,0.078,38916.4557
9.07,83.8,0.073,0.089,37962.53165
9.0,83.9,0.072,0.108,37300.25316
9.05,84.0,0.072,0.093,36565.06329
8.98,83.6,0.073,0.059,35750.88608
8.81,83.9,0.075,0.104,34535.6962
8.72,84.0,0.076,0.115,33654.68354
8.51,84.3,0.075,0.104,32457.72152
8.52,85.0,0.075,0.078,31686.07595
8.6,84.4,0.074,0.104,30847.59494
8.49,84.5,0.077,0.159,30063.79747
8.33,84.7,0.076,0.059,29298.22785
8.5,84.7,0.073,0.059,28550.88608
8.52,83.7,0.077,0.104,27657.72152
8.63,83.5,0.073,0.111,27153.41772
8.69,82.8,0.076,0.126,26442.53165
8.77,82.3,0.075,0.082,26053.67089
8.36,82.0,0.078,0.108,25525.06329
8.17,82.7,0.075,0.111,24795.94937
8.13,82.4,0.074,0.1,23975.6962
8.14,82.3,0.074,0.093,23562.53165
8.15,82.2,0.076,0.074,23179.74684
8.33,82.2,0.075,0.082,23076.4557
8.36,81.4,0.076,0.093,22918.48101
8.23,80.7,0.076,0.089,22772.65823
8.13,81.2,0.075,0.119,22450.63291
8.04,81.2,0.075,0.115,22237.97468
7.87,81.8,0.074,0.119,22086.07595
7.91,81.8,0.078,0.111,21751.89873
7.9,81.8,0.077,0.1,21770.12658
7.88,81.6,0.077,0.13,21745.82278
7.89,81.2,0.074,0.07,21569.62025
7.94,81.2,0.074,0.13,21393.41772
7.84,80.5,0.073,0.134,21229.36709
7.59,80.4,0.076,0.115,21113.92405
7.44,81.1,0.076,0.126,21363.03797
7.59,81.0,0.082,0.111,21308.35443
7.46,81.3,0.091,0.122,21120.0
6.991,82.5,0.086,0.108,21053.16456
6.683,83.5,0.086,0.082,20378.73418
6.447,84.1,0.087,0.108,19479.49367
6.091,84.9,0.083,0.085,19746.83544
5.88,85.9,0.083,0.111,19661.77215
6.003,86.3,0.085,0.1,19746.83544
5.904,86.7,0.085,0.119,20087.08861
6.042,86.7,0.087,0.148,21533.16456
5.976,86.8,0.085,0.119,21818.73418
5.965,86.9,0.084,0.104,22049.62025
6.025,87.1,0.085,0.137,22869.87342
5.946,86.9,0.084,0.122,23696.20253
5.795,86.9,0.086,0.085,23878.48101
5.488,87.1,0.087,0.134,24309.87342
5.352,87.1,0.083,0.148,24346.32911
5.076,87.7,0.082,0.122,24716.96203
5.291,88.3,0.09,0.13,24716.96203
5.364,87.7,0.087,0.122,24972.1519
5.393,87.8,0.087,0.111,24911.39241
5.524,87.7,0.088,0.145,24443.5443
5.576,87.4,0.091,0.137,24030.37975
5.421,86.9,0.09,0.122,23763.03797
5.336,86.7,0.089,0.119,23605.06329
5.139,86.9,0.085,0.226,24066.83544
5.01,87.2,0.09,0.816,24637.97468
5.099,87.4,0.084,2.804,24990.37975
4.917,87.5,0.09,6.283,25482.53165
4.779,87.7,0.086,12.28,26041.51899
4.873,87.8,0.089,22.59,26472.91139
4.872,87.2,0.088,26.46,26849.62025
5.009,86.9,0.084,31.27,27706.32911
5.065,86.6,0.088,34.1,28441.51899
5.218,86.3,0.089,34.58,28891.13924
5.54,85.9,0.088,36.58,29122.02532
5.738,84.7,0.089,37.53,28599.49367
6.0,84.1,0.091,39.42,29122.02532
6.271,83.0,0.09,39.09,29134.17722
6.593,81.6,0.09,39.92,29899.74684
6.933,81.2,0.09,40.57,30507.34177
7.22,81.2,0.091,40.4,30932.65823
7.54,81.0,0.091,39.4,31266.83544
8.01,79.8,0.088,40.51,31485.56962
8.57,79.0,0.088,40.3,31777.21519
9.04,78.5,0.09,39.82,32111.39241
9.6,77.3,0.09,39.15,32615.6962
10.14,75.6,0.094,38.96,34444.55696
10.8,73.5,0.089,37.73,34438.48101
11.47,70.1,0.085,37.49,33873.41772
12.0,67.75,0.086,37.37,33988.86076
12.6,66.24,0.088,36.72,34158.98734
13.19,65.44,0.086,36.75,34444.55696
13.66,65.01,0.087,37.17,34256.20253
13.92,63.81,0.086,37.24,34116.4557
14.41,63.77,0.084,36.35,33855.18987
14.86,61.6,0.087,36.78,33703.29114
15.34,60.2,0.085,37.02,33593.92405
16.13,58.43,0.085,38.74,33180.75949
16.38,55.89,0.084,42.75,32870.88608
17.05,55.46,0.087,45.15,32810.12658
17.65,53.72,0.084,38.87,32676.4557
17.55,50.78,0.082,43.49,32433.41772
17.43,50.65,0.076,45.03,32342.27848
17.4,53.26,0.077,46.62,32506.32911
17.42,53.72,0.077,47.2,32706.83544
17.49,56.59,0.077,45.45,32488.10127
17.33,57.36,0.075,44.91,32475.94937
17.23,59.17,0.075,50.26,32591.39241
17.4,59.07,0.077,66.11,32336.20253
17.38,59.6,0.077,96.9,32220.75949
17.24,60.4,0.073,141.6,32293.67089
17.07,61.2,0.073,199.9,31983.79747
17.09,61.8,0.074,254.4,31552.40506
17.3,61.47,0.075,281.1,31406.58228
17.26,61.17,0.075,260.8,31613.16456
17.36,61.04,0.077,249.6,31692.1519
17.6,60.67,0.081,227.1,31752.91139
17.57,59.83,0.077,195.4,31673.92405
17.57,60.33,0.076,165.7,32166.07595
17.24,61.83,0.074,138.9,33277.97468
16.89,63.5,0.075,109.5,35513.92405
16.35,66.23,0.073,89.7,38339.24051
15.84,67.87,0.074,67.32,41182.78481
15.44,69.54,0.073,32.7,42179.24051
14.98,71.1,0.077,11.56,42938.73418
14.57,72.3,0.079,7.05,43309.36709
14.13,73.2,0.081,3.546,43485.56962
13.22,75.6,0.083,1.22,43133.16456
12.87,76.7,0.073,0.282,43242.53165
12.43,77.4,0.073,0.089,43187.8481
12.21,77.6,0.069,0.104,43163.5443
12.06,78.1,0.075,0.093,43145.31646
12.26,79.8,0.087,0.085,43388.35443
13.39,79.2,0.086,0.078,42592.40506
13.83,71.8,0.088,0.093,42203.5443
13.83,67.63,0.09,0.067,42397.97468
13.8,66.7,0.086,0.082,42197.46835
13.72,66.66,0.088,0.108,42501.26582
13.55,67.73,0.089,0.093,42774.68354
13.44,68.2,0.083,0.104,42653.16456
13.32,68.83,0.087,0.093,42337.21519
13.1,69.16,0.084,0.056,41832.91139
12.82,69.5,0.086,0.122,41456.20253
12.49,70.5,0.081,0.074,41055.18987
12.28,70.8,0.083,0.13,40721.01266
12.09,71.3,0.083,0.096,40210.63291
11.9,71.1,0.088,0.089,39293.16456
11.36,72.2,0.083,0.119,38624.81013
10.96,73.9,0.084,0.148,38357.46835
10.58,75.5,0.086,0.07,37531.13924
10.44,76.3,0.082,0.074,37026.83544
10.59,76.3,0.08,0.13,36188.35443
10.66,75.7,0.087,0.115,35064.3038
10.57,75.9,0.085,0.122,34323.03797
10.4,76.1,0.085,0.13,33302.27848
10.27,75.9,0.085,0.137,32342.27848
9.89,77.6,0.083,0.126,31339.74684
9.64,77.9,0.083,0.096,30343.29114
9.64,77.7,0.084,0.126,29595.94937
9.46,78.0,0.086,0.141,28708.86076
9.0,79.7,0.085,0.119,27663.79747
8.81,80.4,0.089,0.096,26715.94937
9.04,80.1,0.087,0.141,26205.56962
9.21,78.5,0.084,0.134,25622.27848
9.03,77.4,0.086,0.074,25130.12658
8.9,77.8,0.083,0.148,24540.75949
8.39,80.1,0.084,0.108,24121.51899
8.45,80.1,0.085,0.115,23811.64557
8.54,78.6,0.085,0.111,23398.48101
8.26,79.9,0.087,0.145,23021.77215
8.04,80.4,0.087,0.126,21745.82278
7.85,81.7,0.086,0.115,21253.67089
7.78,81.5,0.087,0.111,20937.72152
7.76,80.9,0.083,0.115,21435.94937
7.72,81.3,0.088,0.126,21994.93671
7.9,80.9,0.087,0.13,21757.97468
7.87,80.0,0.081,0.159,21502.78481
7.73,80.4,0.086,0.159,21393.41772
7.53,81.3,0.084,0.145,21302.27848
7.52,81.0,0.084,0.204,21356.96203
7.53,80.7,0.082,0.163,21022.78481
7.68,79.2,0.081,0.104,21010.63291
7.57,78.1,0.083,0.141,20870.88608
7.44,77.0,0.083,0.148,20889.11392
7.27,77.4,0.08,0.152,20876.96203
7.16,78.4,0.087,0.122,20846.58228
6.985,79.5,0.087,0.152,20737.21519
6.902,79.6,0.088,0.108,20834.43038
6.898,79.4,0.085,0.111,20949.87342
6.982,77.8,0.086,0.111,20943.79747
6.998,77.3,0.083,0.148,21144.3038
7.31,76.7,0.083,0.137,21247.59494
7.36,75.1,0.086,0.141,21442.02532
7.03,76.0,0.083,0.141,21557.46835
6.8,78.0,0.085,0.167,21922.02532
6.922,76.7,0.085,0.119,22402.02532
6.923,72.5,0.087,0.1,23179.74684
7.05,71.9,0.085,0.115,23598.98734
7.02,72.9,0.084,0.134,23750.88608
7.1,73.4,0.086,0.134,24224.81013
6.894,73.7,0.083,0.093,24583.29114
6.438,79.3,0.085,0.119,24613.67089
5.973,80.6,0.089,0.141,24431.39241
5.967,79.9,0.085,0.119,24771.64557
6.344,77.0,0.086,0.1,24328.10127
6.165,78.9,0.088,0.111,24419.24051
5.944,81.2,0.087,0.152,24103.29114
5.915,81.8,0.088,0.163,23817.72152
5.852,81.7,0.086,0.26,24121.51899
6.054,81.1,0.085,0.86,24558.98734
5.695,82.1,0.087,2.752,25312.40506
5.731,83.2,0.086,6.446,25725.56962
5.814,83.1,0.085,11.54,26053.67089
5.33,81.5,0.085,24.26,26223.79747
5.578,78.6,0.084,25.83,27153.41772
6.087,75.2,0.085,26.97,27572.65823
6.135,74.6,0.085,29.01,28064.81013
5.959,75.5,0.082,30.93,29000.50633
6.549,73.7,0.082,32.3,29194.93671
6.844,71.2,0.085,33.84,29474.43038
7.12,69.32,0.085,34.92,29589.87342
7.5,66.81,0.086,36.09,29766.07595
8.16,65.28,0.086,37.37,30416.20253
8.7,62.64,0.086,38.78,31218.22785
8.82,65.24,0.084,40.38,31552.40506
9.13,64.67,0.087,42.41,31904.81013
9.73,63.47,0.086,44.35,31989.87342
10.31,63.71,0.083,45.19,32293.67089
10.92,62.44,0.085,45.14,32494.17722
11.58,59.17,0.086,44.21,32773.67089
12.02,59.0,0.086,45.06,32907.34177
12.61,60.1,0.084,45.84,32791.89873
13.33,61.37,0.084,46.63,32682.53165
14.15,62.6,0.085,47.67,33144.3038
14.53,61.74,0.084,48.59,33642.53165
14.93,59.53,0.085,49.94,33770.12658
15.46,57.7,0.085,51.74,33417.72152
15.9,57.5,0.082,52.85,33618.22785
16.26,57.93,0.084,53.51,33514.93671
16.33,59.37,0.082,53.52,33903.79747
16.5,59.2,0.083,55.24,33691.13924
16.7,59.2,0.082,58.49,33593.92405
17.01,57.9,0.082,59.77,33575.6962
17.14,57.23,0.086,59.52,33211.13924
17.25,57.33,0.081,62.08,33022.78481
17.3,57.3,0.085,61.4,33016.70886
17.55,56.83,0.086,63.12,32822.27848
17.64,55.89,0.085,64.3,32554.93671
17.75,56.13,0.082,65.59,32457.72152
17.9,55.43,0.085,66.28,32299.74684
18.06,54.26,0.087,70.2,32135.6962
18.2,53.29,0.088,81.6,32208.60759
18.09,53.86,0.089,106.7,31929.11392
18.4,53.52,0.088,144.8,31801.51899
18.22,52.65,0.089,161.9,32020.25316
18.34,52.42,0.086,236.0,31862.27848
17.96,50.78,0.081,208.6,31661.77215
17.33,51.38,0.079,195.5,31692.1519
17.06,52.25,0.076,245.4,31649.62025
17.09,52.32,0.076,220.1,31418.73418
16.9,52.22,0.076,208.0,31740.75949
16.85,52.78,0.074,182.3,32117.46835
16.58,54.96,0.076,150.3,32463.79747
16.29,56.19,0.077,60.8,33612.1519
16.07,57.29,0.075,97.1,35775.18987
15.9,58.32,0.077,60.16,38813.16456
15.71,58.66,0.075,32.23,41140.25316
15.62,59.16,0.079,34.37,42580.25316
15.15,61.53,0.083,18.68,43248.60759
14.47,62.46,0.09,8.61,43333.67089
14.21,63.53,0.091,3.356,43661.77215
13.91,64.66,0.087,0.905,43831.89873
13.8,65.03,0.088,0.189,43716.4557
13.44,65.56,0.088,0.152,43643.5443
13.19,66.46,0.083,0.126,43704.3038
12.81,67.96,0.073,0.145,43710.37975
12.47,70.1,0.081,0.108,43819.74684
12.51,70.4,0.071,0.096,43236.4557
12.14,71.4,0.075,0.07,43072.40506
11.95,72.4,0.069,0.082,42829.36709
11.86,72.8,0.076,0.108,42914.43038
11.51,73.6,0.088,0.119,43048.10127
11.26,74.2,0.085,0.093,43187.8481
10.98,76.2,0.074,0.137,43102.78481
10.91,76.8,0.077,0.1,42890.12658
10.68,78.5,0.074,0.119,42586.32911
10.85,78.6,0.077,0.104,41924.05063
11.0,79.7,0.088,0.108,41577.72152
11.53,81.7,0.086,0.119,41134.17722
12.17,80.6,0.092,0.13,40253.16456
11.85,78.9,0.087,0.13,39366.07595
11.28,79.9,0.085,0.108,39110.88608
10.58,81.6,0.082,0.089,38321.01266
10.47,83.1,0.084,0.134,37974.68354
10.84,82.7,0.085,0.119,37269.87342
10.79,80.7,0.09,0.13,36583.29114
10.43,81.7,0.087,0.126,35969.62025
10.08,82.9,0.088,0.134,35179.74684
10.0,82.7,0.085,0.122,34177.21519
9.81,83.2,0.085,0.167,33271.89873
9.75,83.4,0.085,0.141,32427.34177
9.46,83.6,0.084,0.145,31394.43038
9.09,84.6,0.085,0.145,30422.27848
9.11,84.8,0.088,0.156,29571.64557
8.96,84.9,0.082,0.145,28623.79747
8.91,85.6,0.084,0.119,28149.87342
8.85,85.5,0.086,0.178,27578.73418
8.86,85.6,0.086,0.115,26873.92405
8.88,85.7,0.083,0.159,26102.27848
8.78,85.5,0.082,0.134,25707.34177
8.7,85.5,0.084,0.13,25045.06329
8.57,85.8,0.085,0.126,24370.63291
8.52,86.1,0.088,0.193,24078.98734
8.39,86.7,0.085,0.126,23653.67089
8.41,86.8,0.084,0.126,23544.3038
8.46,87.0,0.088,0.163,23118.98734
8.31,86.6,0.085,0.171,23052.1519
8.13,86.7,0.083,0.171,22663.29114
7.88,87.4,0.083,0.148,22231.89873
7.91,87.5,0.081,0.134,21994.93671
8.01,87.4,0.083,0.13,21836.96203
8.22,87.6,0.086,0.134,21970.63291
8.38,87.0,0.087,0.152,21988.86076
8.43,86.8,0.089,0.171,22013.16456
8.14,87.1,0.084,0.141,21788.35443
8.37,87.2,0.088,0.13,21830.88608
8.47,86.9,0.089,0.167,21678.98734
8.19,87.0,0.088,0.156,21867.34177
8.1,87.4,0.089,0.215,21727.59494
7.93,87.7,0.084,0.252,21496.70886
7.98,88.2,0.092,0.152,21472.40506
8.07,88.1,0.085,0.174,21302.27848
8.03,88.8,0.085,0.137,21241.51899
8.01,88.9,0.087,0.152,21478.48101
7.95,88.9,0.08,0.156,21545.31646
8.09,88.8,0.086,0.152,21606.07595
8.2,88.7,0.08,0.134,21745.82278
8.32,88.6,0.082,0.171,21946.32911
8.66,88.6,0.083,0.152,22268.35443
8.83,87.7,0.084,0.134,22815.18987
8.72,86.8,0.084,0.111,23580.75949
8.61,87.1,0.085,0.148,23659.74684
8.65,86.8,0.085,0.178,23708.35443
8.81,86.7,0.083,0.174,23872.40506
8.57,85.9,0.081,0.148,24188.35443
8.7,86.5,0.086,0.152,24236.96203
9.21,85.5,0.089,0.152,23848.10127
9.46,83.9,0.085,0.189,23854.17722
9.54,82.2,0.082,0.122,24054.68354
9.51,81.3,0.081,0.119,23902.78481
9.29,81.5,0.085,0.115,23331.64557
9.23,81.5,0.082,0.134,22687.59494
9.1,81.7,0.085,0.23,23088.60759
9.04,81.9,0.084,0.708,24115.44304
8.65,82.5,0.084,2.908,24686.58228
8.62,83.6,0.087,5.259,25306.32911
9.03,83.6,0.089,12.03,25841.01266
9.33,82.4,0.081,35.81,26327.08861
9.78,81.7,0.087,52.65,26995.44304
9.88,80.2,0.087,59.62,27372.1519
9.92,79.0,0.087,59.66,28046.58228
10.14,78.7,0.081,73.8,28550.88608
10.19,78.6,0.084,97.0,29103.79747
10.5,77.4,0.086,115.4,29456.20253
10.9,76.1,0.082,110.2,29796.4557
11.12,74.5,0.083,116.0,30483.03797
11.23,74.0,0.089,137.7,31224.3038
11.47,73.5,0.089,151.9,31850.12658
11.69,73.0,0.08,146.1,32147.8481
11.79,73.1,0.083,133.6,32682.53165
11.71,73.4,0.089,138.8,32925.56962
11.83,73.3,0.091,191.8,33192.91139
12.21,73.1,0.086,253.7,33271.89873
12.69,71.7,0.087,202.0,33332.65823
13.06,69.68,0.082,167.0,33454.17722
13.42,68.25,0.085,176.0,33405.56962
13.69,68.08,0.085,197.0,32943.79747
14.0,67.88,0.083,218.2,32737.21519
14.37,67.41,0.083,216.5,32482.02532
14.7,66.08,0.087,202.6,31880.50633
14.82,65.88,0.085,231.8,31831.89873
14.79,66.31,0.088,248.8,31813.67089
15.03,65.74,0.086,284.8,31880.50633
15.22,65.98,2.287,308.3,32409.11392
15.38,66.11,4.708,234.6,33022.78481
15.48,65.38,1.97,175.9,32913.41772
15.56,63.21,0.14,165.6,32706.83544
15.52,62.27,0.094,172.3,32567.08861
15.56,62.1,0.091,222.0,32251.13924
15.63,61.97,0.083,271.5,32530.63291
15.75,62.24,0.084,287.6,32305.82278
15.77,62.07,0.082,254.7,31795.44304
15.78,62.64,0.089,226.7,32062.78481
15.77,63.21,0.082,207.5,32050.63291
15.62,64.31,0.083,183.2,32056.70886
15.51,65.34,0.084,169.0,31758.98734
15.51,65.68,0.086,165.5,31473.41772
15.45,66.81,0.086,161.1,31528.10127
15.39,67.01,0.082,158.8,31491.64557
15.39,66.84,0.084,146.8,31084.55696
15.32,66.84,0.083,142.8,31272.91139
15.32,67.01,0.085,144.1,31528.10127
15.32,67.28,0.08,133.8,31406.58228
15.28,67.48,0.082,113.6,31807.59494
15.25,68.21,0.082,95.5,32232.91139
15.19,68.68,0.08,79.2,32348.35443
15.18,69.12,0.084,62.59,32828.35443
15.1,69.62,0.084,49.36,33915.94937
14.99,70.1,0.086,42.44,35617.21519
14.91,70.3,0.086,39.13,38339.24051
14.84,70.3,0.086,31.5,40927.59494
14.72,72.1,0.083,23.81,42379.74684
14.51,73.8,0.084,13.36,42610.63291
14.31,74.7,0.085,7.43,43035.94937
14.17,75.3,0.086,2.73,43175.6962
13.99,76.2,0.083,0.668,42993.41772
13.87,76.4,0.089,0.182,42975.18987
13.95,75.9,0.087,0.108,42756.4557
13.97,74.4,0.085,0.082,42404.05063
13.85,74.0,0.09,0.07,42385.82278
13.58,74.8,0.086,0.085,42355.44304
13.34,76.0,0.083,0.148,42282.53165
13.28,76.0,0.086,0.111,42136.70886
13.32,75.6,0.084,0.141,41924.05063
13.41,75.0,0.083,0.111,41516.96203
13.42,73.5,0.084,0.13,42082.02532
13.34,74.6,0.085,0.156,42130.63291
13.01,75.9,0.087,0.115,42106.32911
12.71,76.7,0.087,0.096,41978.73418
12.5,77.7,0.087,0.152,41705.31646
12.53,78.0,0.085,0.122,41334.68354
12.61,77.3,0.088,0.148,41061.26582
12.59,76.6,0.087,0.111,40538.73418
12.48,77.2,0.088,0.119,39700.25316
12.41,77.8,0.083,0.134,39353.92405
12.49,77.6,0.086,0.137,38934.68354
12.45,77.5,0.085,0.122,38090.12658
12.53,77.5,0.086,0.137,37494.68354
12.55,77.5,0.084,0.148,36844.55696
12.35,78.1,0.086,0.115,36115.44304
12.42,78.0,0.085,0.104,35653.67089
12.32,78.0,0.09,0.171,34894.17722
12.28,78.1,0.085,0.167,33551.39241
12.39,77.0,0.088,0.126,32992.40506
12.37,76.4,0.085,0.119,32002.02532
12.57,74.9,0.089,0.134,31181.77215
12.55,73.8,0.083,0.152,30325.06329
12.64,72.8,0.084,0.145,29760.0
12.48,74.8,0.083,0.141,28927.59494
12.29,75.1,0.088,0.119,28052.65823
12.16,76.2,0.083,0.137,27220.25316
12.1,76.4,0.085,0.137,26831.39241
12.14,76.3,0.087,0.126,26363.5443
12.11,76.1,0.082,0.145,25768.10127
11.95,77.0,0.089,0.145,24923.5443
11.87,77.1,0.088,0.141,24322.02532
11.79,77.1,0.086,0.126,23860.25316
11.52,78.3,0.083,0.122,23690.12658
11.4,78.8,0.087,0.163,23635.44304
11.35,79.0,0.093,0.122,23337.72152
11.32,78.9,0.09,0.13,23027.8481
11.11,79.8,0.089,0.13,22717.97468
10.8,80.6,0.085,0.171,22711.89873
10.39,82.2,0.086,0.122,22487.08861
10.28,82.7,0.089,0.152,22414.17722
10.4,82.6,0.088,0.115,22171.13924
10.71,82.0,0.088,0.137,21873.41772
10.76,80.6,0.088,0.178,21830.88608
10.68,80.5,0.084,0.126,21946.32911
10.58,80.5,0.085,0.145,21934.17722
10.23,81.8,0.089,0.126,21867.34177
9.9,82.8,0.086,0.126,21642.53165
9.77,83.3,0.088,0.111,21508.86076
9.56,83.9,0.089,0.13,21484.55696
9.37,84.6,0.089,0.171,21332.65823
9.43,84.7,0.088,0.185,21338.73418
9.47,84.4,0.086,0.152,21557.46835
9.52,84.0,0.086,0.145,21794.43038
9.4,84.2,0.085,0.159,21703.29114
9.48,83.9,0.087,0.134,21806.58228
9.46,83.9,0.085,0.122,21873.41772
9.35,83.9,0.09,0.108,22043.5443
9.25,83.6,0.087,0.152,22414.17722
9.03,83.9,0.088,0.141,22961.01266
9.06,83.8,0.09,0.137,23434.93671
8.9,84.0,0.083,0.2,23592.91139
8.61,84.6,0.086,0.167,23793.41772
8.63,84.7,0.088,0.152,23835.94937
8.6,84.3,0.089,0.141,23969.62025
8.46,84.8,0.087,0.134,23641.51899
8.38,85.2,0.089,0.152,23501.77215
8.36,85.6,0.089,0.163,23204.05063
8.51,85.8,0.087,0.134,23082.53165
8.49,85.4,0.088,0.122,23009.62025
8.41,84.9,0.09,0.171,23046.07595
8.41,84.6,0.09,0.148,22730.12658
8.36,84.8,0.097,0.223,23021.77215
8.4,85.1,0.09,0.53,23750.88608
8.47,85.0,0.089,3.95,24291.64557
8.48,84.5,0.091,8.56,24783.79747
8.4,84.2,0.088,20.75,25512.91139
8.37,84.2,0.088,44.16,26096.20253
8.43,83.9,0.085,51.8,26679.49367
8.57,83.4,0.085,38.59,27724.55696
8.48,83.4,0.087,31.65,30203.5443
8.66,83.2,0.089,41.97,30926.58228
8.7,82.1,0.091,47.6,31236.4557
9.02,82.0,0.089,51.81,31649.62025
9.36,81.0,0.093,54.29,32567.08861
9.68,80.1,0.089,53.12,31765.06329
10.08,79.7,0.092,51.14,31837.97468
10.44,78.6,0.091,52.52,32299.74684
10.78,77.3,0.092,56.03,33010.63291
11.38,76.3,0.087,58.07,33302.27848
11.88,73.8,0.088,60.48,33417.72152
12.19,71.7,0.095,63.81,33606.07595
12.5,72.2,0.088,66.11,33721.51899
12.88,72.1,0.091,68.13,33745.82278
13.39,71.6,0.095,71.4,34128.60759
13.64,70.6,0.09,76.5,34013.16456
14.08,69.95,0.088,81.3,34067.8481
14.41,69.28,0.087,84.0,34456.70886
14.55,67.78,0.087,88.5,34371.64557
14.65,67.51,0.083,88.7,34043.5443
14.86,66.21,0.083,96.7,33946.32911
14.9,65.58,0.088,134.6,33314.43038
15.04,64.71,0.078,211.5,33460.25316
15.23,61.94,0.078,202.3,33648.60759
14.9,62.1,0.076,199.1,33496.70886
14.78,61.9,0.078,205.5,33466.32911
14.78,60.73,0.078,181.4,33551.39241
14.84,60.3,0.078,201.5,33296.20253
14.74,62.27,0.077,171.7,32761.51899
14.71,62.47,0.078,189.4,32573.16456
14.82,62.44,0.079,194.3,32688.60759
14.83,63.04,0.074,166.2,32457.72152
14.81,63.77,0.077,149.8,32251.13924
14.84,65.68,0.074,138.7,31837.97468
14.92,66.81,0.075,133.5,31886.58228
14.89,67.61,0.074,116.6,32099.24051
14.97,67.31,0.075,122.1,31862.27848
15.12,66.11,0.075,191.0,31455.18987
15.46,65.78,0.076,276.7,30969.11392
15.57,64.61,0.077,299.9,30531.64557
15.48,64.87,0.075,306.1,30574.17722
15.57,64.94,0.077,295.5,30562.02532
15.44,65.04,0.072,272.2,30318.98734
15.26,65.38,0.078,247.4,30434.43038
15.19,65.61,0.077,201.6,30786.83544
15.08,66.31,0.08,132.2,30999.49367
14.92,66.94,0.072,98.9,31746.83544
14.89,66.98,0.072,132.2,33077.46835
14.84,67.21,0.074,116.2,34541.77215
14.77,67.75,0.078,89.9,37367.08861
14.62,68.28,0.075,61.94,39657.72152
14.45,68.81,0.073,41.89,41006.58228
14.23,69.95,0.077,15.12,41468.35443
14.06,70.9,0.073,8.52,41589.87342
13.86,72.0,0.075,4.102,41662.78481
13.66,73.0,0.077,1.48,41559.49367
13.44,73.6,0.077,0.337,41535.18987
12.96,76.1,0.078,0.108,41687.08861
12.63,77.0,0.079,0.1,41480.50633
12.23,78.2,0.076,0.089,40976.20253
11.97,79.2,0.08,0.085,40660.25316
11.8,80.0,0.076,0.104,40775.6962
11.77,80.0,0.075,0.096,40429.36709
11.56,80.4,0.078,0.089,40757.46835
11.64,81.8,0.078,0.119,40951.89873
12.34,81.2,0.077,0.07,40714.93671
12.56,79.0,0.078,0.137,40447.59494
12.72,77.6,0.076,0.074,40800.0
12.72,76.4,0.077,0.152,40490.12658
12.84,76.5,0.077,0.119,40490.12658
12.93,76.4,0.076,0.134,40265.31646
12.87,77.2,0.076,0.13,40034.43038
12.94,77.6,0.076,0.126,39590.88608
13.17,77.3,0.077,0.141,39159.49367
13.24,77.2,0.078,0.126,38497.21519
13.27,77.3,0.077,0.148,37816.70886
13.22,77.7,0.076,0.122,37549.36709
13.12,78.1,0.078,0.159,37075.44304
13.1,77.9,0.077,0.126,36364.55696
12.9,78.5,0.079,0.145,35671.89873
12.88,78.7,0.079,0.104,35021.77215
12.92,79.0,0.079,0.148,34468.86076
13.08,78.9,0.078,0.13,33812.65823
13.24,78.9,0.078,0.148,32955.94937
13.44,79.0,0.084,0.134,31868.35443
13.7,78.5,0.084,0.145,30914.43038
13.83,77.9,0.084,0.156,30203.5443
13.89,78.3,0.081,0.111,29401.51899
14.07,78.2,0.081,0.13,28332.1519
14.19,77.8,0.085,0.111,27791.39241
14.27,77.7,0.087,0.122,26831.39241
14.34,77.7,0.092,0.134,26296.70886
14.37,77.9,0.089,0.137,25585.82278
14.4,78.2,0.094,0.108,24966.07595
14.45,77.7,0.091,0.148,24631.89873
14.51,77.3,0.09,0.096,24194.43038
14.5,77.4,0.094,0.185,23854.17722
14.48,77.3,0.094,0.126,23416.70886
14.43,76.0,0.089,0.137,23009.62025
14.28,74.0,0.088,0.13,22736.20253
14.12,74.4,0.084,0.141,22183.29114
14.13,74.7,0.082,0.108,22152.91139
14.17,74.7,0.091,0.141,21721.51899
14.27,74.7,0.092,0.115,21642.53165
14.3,73.9,0.09,0.111,21612.1519
14.31,72.7,0.092,0.126,21593.92405
14.22,71.4,0.083,0.141,21247.59494
14.07,72.4,0.089,0.204,21162.53165
14.15,72.3,0.091,0.137,20773.67089
14.03,73.1,0.086,0.2,20621.77215
13.79,74.5,0.083,0.145,20694.68354
13.68,75.2,0.087,0.159,20488.10127
13.58,75.9,0.088,0.111,20615.6962
13.59,76.2,0.086,0.134,20712.91139
13.52,76.6,0.09,0.122,20749.36709
13.47,76.5,0.092,0.145,20749.36709
13.44,76.3,0.09,0.182,20682.53165
13.43,75.3,0.106,0.119,20621.77215
13.38,74.1,0.098,0.141,20773.67089
13.36,73.7,0.1,0.137,20664.3038
13.3,72.6,0.09,0.141,20700.75949
13.19,72.7,0.09,0.141,20785.82278
13.16,72.4,0.088,0.104,21253.67089
13.07,72.3,0.092,0.134,21849.11392
12.99,72.5,0.094,0.141,22602.53165
13.06,72.3,0.09,0.163,22736.20253
13.24,70.8,0.084,0.156,22560.0
13.26,69.98,0.091,0.174,22882.02532
13.37,70.2,0.088,0.167,22657.21519
13.61,68.45,0.09,0.171,21830.88608
13.54,68.61,0.092,0.145,20785.82278
13.54,68.95,0.09,0.152,20032.40506
13.66,69.15,0.086,0.156,19692.1519
13.8,68.01,0.092,0.126,19430.88608
13.74,68.08,0.09,0.152,19522.02532
13.47,68.88,0.091,0.111,19570.63291
13.3,68.71,0.099,0.178,20117.46835
13.02,67.81,0.087,0.427,20220.75949
12.4,69.58,0.085,2.218,20567.08861
12.34,69.75,0.085,5.867,21593.92405
12.39,69.08,0.087,10.76,22104.3038
12.44,70.1,0.087,22.12,22316.96203
13.2,69.08,0.093,36.6,22888.10127
13.57,65.68,0.096,39.61,23580.75949
13.82,64.97,0.088,43.31,24419.24051
13.8,64.61,0.081,44.84,26017.21519
13.85,64.84,0.08,65.76,26764.55696
14.24,64.01,0.096,74.8,27293.16456
14.19,64.44,0.081,93.5,27973.67089
14.39,64.47,0.08,117.8,29043.03797
14.75,64.27,0.079,118.4,29662.78481
14.87,64.94,0.079,122.5,30264.3038
14.72,65.34,0.077,72.2,30853.67089
14.69,65.04,0.081,125.0,31449.11392
15.14,63.17,0.079,168.4,31601.01266
15.28,61.77,0.081,113.7,31649.62025
15.32,61.7,0.078,167.6,32135.6962
15.42,61.1,0.08,144.3,32330.12658
15.41,61.04,0.076,158.0,32743.29114
15.66,60.2,0.075,131.4,32694.68354
15.79,57.1,0.078,90.9,32561.01266
15.89,56.59,0.076,95.2,32791.89873
16.02,56.59,0.08,101.3,32804.05063
16.11,55.96,0.077,121.7,32834.43038
16.08,55.49,0.077,118.9,33138.22785
16.14,56.16,0.078,100.6,33338.73418
16.18,55.73,0.076,105.1,33484.55696
16.13,55.96,0.079,142.1,33496.70886
16.16,55.93,0.079,123.6,33277.97468
15.98,56.96,0.078,114.3,33107.8481
16.03,58.06,0.077,142.1,33205.06329
15.96,57.96,0.077,125.7,33107.8481
15.98,56.39,0.079,104.2,32743.29114
16.07,57.06,0.075,108.6,32573.16456
16.02,57.86,0.076,114.7,32305.82278
15.75,59.07,0.078,118.7,32579.24051
15.68,59.2,0.077,99.8,32141.77215
15.65,59.7,0.077,85.4,32014.17722
15.7,59.77,0.079,85.6,31880.50633
15.58,60.3,0.075,83.4,31515.94937
15.55,61.04,0.076,124.7,31285.06329
15.73,60.67,0.076,223.2,31297.21519
15.97,59.23,0.075,210.0,31133.16456
15.83,60.1,0.074,138.3,31078.48101
15.78,60.63,0.075,200.8,31181.77215
15.8,60.63,0.076,139.1,31163.5443
15.7,61.77,0.075,73.4,30233.92405
15.64,63.57,0.075,156.1,29778.22785
15.68,64.71,0.075,124.9,30252.1519
15.74,65.34,0.073,242.9,30069.87342
15.84,65.21,0.076,227.2,30732.1519
15.85,64.74,0.074,211.4,31831.89873
15.8,65.44,0.075,178.1,33265.82278
15.77,66.04,0.08,133.6,35969.62025
15.7,68.18,0.074,112.3,38418.22785
15.56,68.78,0.071,67.63,39256.70886
15.4,70.1,0.068,28.13,40313.92405
15.32,71.5,0.07,11.62,40629.87342
15.25,72.3,0.069,3.627,40508.35443
15.21,72.6,0.068,0.964,40617.72152
15.2,72.9,0.071,0.208,41079.49367
15.18,72.6,0.068,0.122,40988.35443
15.19,72.8,0.07,0.085,41194.93671
15.17,73.2,0.073,0.104,41237.46835
15.18,72.9,0.073,0.108,41608.10127
15.22,73.3,0.073,0.074,41662.78481
15.22,74.4,0.069,0.082,41650.63291
15.17,74.6,0.072,0.089,41796.4557
15.18,74.7,0.072,0.111,41419.74684
15.22,74.4,0.073,0.119,41085.56962
15.24,73.9,0.077,0.13,41140.25316
15.25,73.6,0.075,0.141,41079.49367
15.3,74.4,0.073,0.122,40866.83544
15.27,74.5,0.075,0.104,40982.27848
15.27,74.7,0.074,0.119,40830.37975
15.24,74.8,0.072,0.122,40587.34177
15.29,74.7,0.072,0.13,40010.12658
15.31,75.2,0.075,0.119,39469.36709
15.3,75.5,0.075,0.152,38752.40506
15.29,76.9,0.074,0.122,37889.62025
15.18,77.5,0.076,0.104,37361.01266
15.14,78.5,0.073,0.178,36619.74684
15.1,79.0,0.075,0.115,36267.34177
15.09,79.1,0.078,0.141,35441.01266
15.12,79.0,0.075,0.134,34900.25316
15.23,76.9,0.078,0.141,33988.86076
15.27,75.3,0.077,0.126,32664.3038
15.29,73.8,0.074,0.145,31509.87342
15.28,73.8,0.076,0.156,30221.77215
15.18,73.1,0.074,0.082,29608.10127
15.14,72.5,0.074,0.152,28751.39241
15.11,71.4,0.077,0.122,27754.93671
15.11,71.3,0.076,0.156,27268.86076
15.11,71.4,0.076,0.111,26746.32911
15.08,71.0,0.074,0.152,25828.86076
15.02,71.1,0.075,0.152,25294.17722
15.05,71.1,0.078,0.134,24820.25316
15.1,71.1,0.076,0.134,24455.6962
15.09,71.0,0.072,0.137,23763.03797
15.13,70.1,0.078,0.111,23210.12658
15.12,69.34,0.074,0.119,22869.87342
15.04,69.11,0.075,0.13,22444.55696
15.01,69.57,0.074,0.137,22268.35443
14.98,69.8,0.076,0.141,22116.4557
14.97,68.97,0.072,0.145,22086.07595
14.99,69.14,0.074,0.137,22043.5443
14.94,69.57,0.079,0.145,21849.11392
14.96,69.47,0.074,0.163,21557.46835
14.99,68.54,0.074,0.171,21259.74684
14.96,69.44,0.076,0.152,21162.53165
15.02,70.2,0.075,0.145,21095.6962
14.99,71.9,0.077,0.163,20943.79747
14.97,72.9,0.073,0.137,20718.98734
14.95,73.0,0.077,0.134,20646.07595
14.91,72.8,0.073,0.204,20664.3038
14.87,72.4,0.072,0.148,20433.41772
14.88,72.1,0.075,0.134,20615.6962
14.84,72.1,0.075,0.126,20482.02532
14.8,72.0,0.073,0.152,20518.48101
14.78,72.3,0.072,0.122,19594.93671
14.81,72.1,0.073,0.108,19576.70886
14.94,70.6,0.07,0.13,19637.46835
14.98,71.3,0.075,0.145,19594.93671
14.9,70.8,0.073,0.145,19898.73418
14.92,70.6,0.072,0.185,19935.18987
14.9,69.83,0.074,0.185,20093.16456
14.9,69.5,0.076,0.126,20311.89873
14.89,69.24,0.074,0.13,21162.53165
14.93,69.1,0.074,0.152,22359.49367
14.87,68.94,0.072,0.119,22584.3038
14.85,68.8,0.076,0.122,22699.74684
14.93,67.46,0.074,0.148,23179.74684
14.93,67.03,0.072,0.111,23331.64557
14.92,67.26,0.073,0.134,23137.21519
14.9,67.27,0.076,0.115,23003.5443
14.91,67.13,0.075,0.152,23295.18987
14.91,67.1,0.074,0.134,23471.39241
14.91,66.89,0.074,0.137,23331.64557
14.91,65.93,0.075,0.156,23222.27848
14.97,63.73,0.074,0.093,22651.13924
14.91,63.23,0.07,0.134,23289.11392
